{
  "htn": {
    "total": {
      "AUROC": 0.7779,
      "AUPRC": 0.6187,
      "Brier": 0.1925,
      "Sensitivity": 0.7232,
      "Specificity": 0.6869,
      "TP": 669,
      "FP": 610,
      "FN": 256,
      "TN": 1338,
      "best_cv_auroc": 0.7826,
      "best_params": {
        "n_estimators": 500,
        "max_depth": 3,
        "learning_rate": 0.02453143834695535,
        "subsample": 0.6674869556303065,
        "colsample_bytree": 0.7969055582218567,
        "min_child_weight": 6,
        "reg_alpha": 0.11457081589722987,
        "reg_lambda": 0.012295667456423888,
        "gamma": 4.768326652814164,
        "verbosity": 0,
        "objective": "binary:logistic",
        "eval_metric": "auc",
        "tree_method": "hist",
        "random_state": 42,
        "scale_pos_weight": 2.104
      },
      "n_train": 11488,
      "n_test": 2873,
      "n_features": 13
    },
    "male": {
      "AUROC": 0.7483,
      "AUPRC": 0.6501,
      "Brier": 0.203,
      "Sensitivity": 0.6878,
      "Specificity": 0.685,
      "TP": 315,
      "FP": 201,
      "FN": 143,
      "TN": 437,
      "best_cv_auroc": 0.7364,
      "best_params": {
        "n_estimators": 300,
        "max_depth": 3,
        "learning_rate": 0.03980171117877999,
        "subsample": 0.6016704620504323,
        "colsample_bytree": 0.6027068777137295,
        "min_child_weight": 6,
        "reg_alpha": 2.2553583417453638,
        "reg_lambda": 0.00022574564664351699,
        "gamma": 3.678309704831268,
        "verbosity": 0,
        "objective": "binary:logistic",
        "eval_metric": "auc",
        "tree_method": "hist",
        "random_state": 42,
        "scale_pos_weight": 1.3925
      },
      "n_train": 4383,
      "n_test": 1096,
      "n_features": 13
    },
    "female": {
      "AUROC": 0.7948,
      "AUPRC": 0.5877,
      "Brier": 0.1819,
      "Sensitivity": 0.7131,
      "Specificity": 0.7412,
      "TP": 333,
      "FP": 339,
      "FN": 134,
      "TN": 971,
      "best_cv_auroc": 0.7991,
      "best_params": {
        "n_estimators": 900,
        "max_depth": 3,
        "learning_rate": 0.010312066042898712,
        "subsample": 0.6975080792552358,
        "colsample_bytree": 0.7061230231549104,
        "min_child_weight": 9,
        "reg_alpha": 0.11136671134542948,
        "reg_lambda": 1.998591356540536,
        "gamma": 3.0342406819271943,
        "verbosity": 0,
        "objective": "binary:logistic",
        "eval_metric": "auc",
        "tree_method": "hist",
        "random_state": 42,
        "scale_pos_weight": 2.8015
      },
      "n_train": 7105,
      "n_test": 1777,
      "n_features": 13
    }
  },
  "dm": {
    "total": {
      "AUROC": 0.8511,
      "AUPRC": 0.5885,
      "Brier": 0.1616,
      "Sensitivity": 0.831,
      "Specificity": 0.737,
      "TP": 541,
      "FP": 540,
      "FN": 110,
      "TN": 1513,
      "best_cv_auroc": 0.8474,
      "best_params": {
        "n_estimators": 700,
        "max_depth": 3,
        "learning_rate": 0.01805075967432526,
        "subsample": 0.6324722318639536,
        "colsample_bytree": 0.8704342507485863,
        "min_child_weight": 4,
        "reg_alpha": 0.1617183524157871,
        "reg_lambda": 0.0006014608628930408,
        "gamma": 4.786940819458369,
        "verbosity": 0,
        "objective": "binary:logistic",
        "eval_metric": "auc",
        "tree_method": "hist",
        "random_state": 42,
        "scale_pos_weight": 3.1532
      },
      "n_train": 10815,
      "n_test": 2704,
      "n_features": 14
    },
    "male": {
      "AUROC": 0.8392,
      "AUPRC": 0.6504,
      "Brier": 0.1673,
      "Sensitivity": 0.8171,
      "Specificity": 0.7208,
      "TP": 268,
      "FP": 213,
      "FN": 60,
      "TN": 550,
      "best_cv_auroc": 0.8055,
      "best_params": {
        "n_estimators": 300,
        "max_depth": 3,
        "learning_rate": 0.031666944885083856,
        "subsample": 0.8351885496558571,
        "colsample_bytree": 0.9679497668517126,
        "min_child_weight": 2,
        "reg_alpha": 0.0027334673774444106,
        "reg_lambda": 0.007740028473933335,
        "gamma": 0.7058803048676092,
        "verbosity": 0,
        "objective": "binary:logistic",
        "eval_metric": "auc",
        "tree_method": "hist",
        "random_state": 42,
        "scale_pos_weight": 2.3247
      },
      "n_train": 4362,
      "n_test": 1091,
      "n_features": 14
    },
    "female": {
      "AUROC": 0.8756,
      "AUPRC": 0.5799,
      "Brier": 0.1422,
      "Sensitivity": 0.8328,
      "Specificity": 0.7831,
      "TP": 269,
      "FP": 280,
      "FN": 54,
      "TN": 1011,
      "best_cv_auroc": 0.8649,
      "best_params": {
        "n_estimators": 400,
        "max_depth": 3,
        "learning_rate": 0.021195701264726984,
        "subsample": 0.6758311498518088,
        "colsample_bytree": 0.8693684600448425,
        "min_child_weight": 6,
        "reg_alpha": 0.4822313132275106,
        "reg_lambda": 0.04438592685756495,
        "gamma": 4.313670210030811,
        "verbosity": 0,
        "objective": "binary:logistic",
        "eval_metric": "auc",
        "tree_method": "hist",
        "random_state": 42,
        "scale_pos_weight": 3.9938
      },
      "n_train": 6452,
      "n_test": 1614,
      "n_features": 14
    }
  },
  "dys": {
    "total": {
      "AUROC": 0.7119,
      "AUPRC": 0.4828,
      "Brier": 0.2163,
      "Sensitivity": 0.7016,
      "Specificity": 0.6148,
      "TP": 905,
      "FP": 1143,
      "FN": 385,
      "TN": 1824,
      "best_cv_auroc": 0.7047,
      "best_params": {
        "n_estimators": 800,
        "max_depth": 6,
        "learning_rate": 0.014658317228190543,
        "subsample": 0.6707452109379295,
        "colsample_bytree": 0.8092304955359021,
        "min_child_weight": 7,
        "reg_alpha": 9.801282868850928,
        "reg_lambda": 0.12661704943854654,
        "gamma": 3.283052672899244,
        "verbosity": 0,
        "objective": "binary:logistic",
        "eval_metric": "auc",
        "tree_method": "hist",
        "random_state": 42,
        "scale_pos_weight": 2.2988
      },
      "n_train": 17025,
      "n_test": 4257,
      "n_features": 13
    },
    "male": {
      "AUROC": 0.663,
      "AUPRC": 0.3927,
      "Brier": 0.2267,
      "Sensitivity": 0.6603,
      "Specificity": 0.564,
      "TP": 311,
      "FP": 572,
      "FN": 160,
      "TN": 740,
      "best_cv_auroc": 0.6583,
      "best_params": {
        "n_estimators": 400,
        "max_depth": 3,
        "learning_rate": 0.010036273868355098,
        "subsample": 0.707014378710387,
        "colsample_bytree": 0.7262863192208485,
        "min_child_weight": 2,
        "reg_alpha": 0.00036948659381138204,
        "reg_lambda": 0.4750581834746535,
        "gamma": 2.675664959183149,
        "verbosity": 0,
        "objective": "binary:logistic",
        "eval_metric": "auc",
        "tree_method": "hist",
        "random_state": 42,
        "scale_pos_weight": 2.7834
      },
      "n_train": 7128,
      "n_test": 1783,
      "n_features": 13
    },
    "female": {
      "AUROC": 0.741,
      "AUPRC": 0.523,
      "Brier": 0.2084,
      "Sensitivity": 0.7656,
      "Specificity": 0.6081,
      "TP": 627,
      "FP": 649,
      "FN": 192,
      "TN": 1007,
      "best_cv_auroc": 0.7218,
      "best_params": {
        "n_estimators": 700,
        "max_depth": 6,
        "learning_rate": 0.019054375899185034,
        "subsample": 0.7768324993243776,
        "colsample_bytree": 0.7822366804177469,
        "min_child_weight": 6,
        "reg_alpha": 5.837367987288192,
        "reg_lambda": 5.275935486172741,
        "gamma": 3.722797433854289,
        "verbosity": 0,